TIC_ID,RA,DEC,Target_Magnitude,Target_Temperature,Target_Radius,Target_Mass,Target_Luminosity,Neighbor_Count,Nearest_Distance_arcsec,Nearest_Magnitude,Brightest_Neighbor_Magnitude,Mean_Neighbor_Magnitude,Total_Neighbor_Flux,Sector,LightCurve_File,Transit_Detected,Detected_Period_days,Transit_Depth,Transit_Duration_hours,Signal_to_Noise,Predicted_Class,Confidence,True_Label
10549228.0,340.179834599234,29.9923689146305,9.20457,6908.0,2.12099,1.505,,3,6.389070685466717,9.66794,9.66794,14.167146666666667,0.0001363260981982642,56,,,,,,,,,
10549301.0,340.167091527108,30.0961308461524,9.85311,7121.0,1.7269,1.584,,0,,,,,,56,,,,,,,,,
10549341.0,340.118227713214,30.1523163446474,13.4736,3537.0,0.307025,0.284649,,1,21.738462184186375,17.1186,17.1186,17.1186,1.4208885023017258e-07,56,,,,,,,,,
10549639.0,340.167087968584,30.546676396061,10.6119,6599.0,1.95689,1.38,,4,4.9104729273308445,18.3514,14.352,18.0025,1.9021618666436058e-06,56,,,,,,,,,
10549657.0,340.249082947904,30.570633177996,10.5567,6821.0,2.20233,1.47,,1,12.725550091592611,13.7372,13.7372,13.7372,3.1997791191994343e-06,56,,,,,,,,,
10549666.0,340.160770642761,30.5765302366389,10.0244,4591.0,13.0714,,,5,8.136577752462603,20.2969,16.0931,18.375759999999996,6.72441813234031e-07,56,,,,,,,,,
10549693.0,340.222956991651,30.6012869166658,10.8607,6168.11,1.35179,1.18,,2,20.969037635147544,17.4793,17.4793,17.8921,1.4957231796766221e-07,56,,,,,,,,,
10549695.0,340.155606538808,30.604653497239,11.7621,4167.0,22.6432,,,2,7.620966566547168,17.8712,17.8712,18.948300000000003,8.081156116398271e-08,56,,,,,,,,,
10549728.0,340.111779325693,30.6448184693986,9.5397,4572.0,12.426,,,2,5.729599419347068,15.289,15.289,16.5416,8.42566146025305e-07,56,,,,,,,,,
10549820.0,340.236667565554,30.7474204719803,10.346,4712.0,8.05547,,,2,20.31693772737772,19.5824,17.4171,18.49975,1.2262504518214287e-07,56,,,,,,,,,
10549992.0,340.212264942541,30.9763228334066,9.7709,6906.0,1.97905,1.5,,1,27.9513961362677,14.9098,14.9098,14.9098,1.08662576904622e-06,56,,,,,,,,,
10550012.0,340.17478811374,30.9970300663279,10.0755,6452.36,1.70453,1.31,,1,12.026504002057079,19.4808,19.4808,19.4808,1.6131694916048365e-08,56,,,,,,,,,
10550208.0,340.188920812093,31.2554932415343,10.9246,4913.0,9.12157,,,5,6.142214374305975,16.774,13.5911,17.48396,3.937062707708233e-06,56,,,,,,,,,
10550261.0,340.118635818447,31.3195656364133,7.3319,4596.0,16.929,,,3,14.36304002139889,18.8047,17.8445,18.422233333333335,1.3860785775556382e-07,56,,,,,,,,,
10550307.0,340.209237627454,31.3781654213777,11.2946,5876.0,1.99492,1.06,,2,9.180250823484323,15.9284,15.9284,16.6948,5.288840008012291e-07,56,,,,,,,,,
10550319.0,340.194444722845,31.3905492939385,10.6727,4407.27,10.1557,,,2,13.502491883130189,19.5844,17.503,18.5437,1.1438765073860752e-07,56,,,,,,,,,
10550357.0,340.119265328321,31.4453601308124,11.1618,6030.0,1.43246,1.12,,1,10.74346864192891,16.4644,16.4644,16.4644,2.5956133548038034e-07,56,,,,,,,,,
10550462.0,340.167344004525,31.5434330537847,8.2625,4131.0,30.8839,,,2,13.150396017563573,14.473,14.473,15.664950000000001,1.805617643560949e-06,56,,,,,,,,,
10550464.0,340.198147118293,31.544469383558,9.6453,4135.0,20.8658,,,1,28.703985361299083,19.408,19.408,19.408,1.7250432972458388e-08,56,,,,,,,,,
10550473.0,340.251608398486,31.5614426329262,13.9883,3199.0,0.274445,0.247753,,2,21.04681435587378,17.3013,17.3013,18.391750000000002,1.3619348451212701e-07,56,,,,,,,,,
10550659.0,340.201007383461,31.7941630464462,8.083,6436.0,1.29495,1.3,,4,10.095905067778554,17.4394,15.9711,17.236525,6.780723168143894e-07,56,,,,,,,,,
10550876.0,340.129354332352,32.0412652837001,9.8367,6296.0,2.42189,1.23,,3,15.71654779063526,19.2262,18.19,19.189300000000003,8.205717956941949e-08,56,,,,,,,,,
10551025.0,340.171088750702,32.2524341740502,10.0559,4812.15,7.78327,,,4,6.126397140901554,19.6831,18.963,19.831425000000003,5.441289980871056e-08,56,,,,,,,,,
10551039.0,340.233140938459,32.2746123055381,10.2558,4012.77,30.2007,,,6,14.78936182813922,18.125,15.3239,18.53865,8.706158519593607e-07,56,,,,,,,,,
10551067.0,340.124112709291,32.3202729963868,11.8673,5294.56,0.832432,0.91,,2,13.026075949728193,20.7244,16.088,18.4062,3.7224464848787936e-07,56,,,,,,,,,
10551106.0,340.188205788431,32.3637672498662,10.8386,4880.67,10.9206,,,2,17.75337732554395,11.5169,11.5169,14.035,2.497010383011832e-05,56,,,,,,,,,
10551129.0,340.21177615657,32.3899485579102,8.6576,3950.0,48.1242,,,3,8.956921507302916,14.5138,14.5138,17.114966666666664,1.6820068919592903e-06,56,,,,,,,,,
10551443.0,340.236637100996,32.7872140105408,11.5965,4566.22,10.6213,,,4,10.639274587707686,16.3716,16.0093,16.7759,9.048758190488864e-07,56,,,,,,,,,
10551484.0,340.11620746615,32.8273679050739,10.5534,4564.0,9.44586,,,2,13.560801638644874,16.3296,16.3296,16.4907,5.122869745041918e-07,56,,,,,,,,,
10551504.0,340.221089042923,32.8465307773558,10.3026,6566.0,1.35195,1.362,,2,6.252537414578328,14.4141,14.4141,17.2178,1.725182573686185e-06,56,,,,,,,,,
10551532.0,340.141035950322,32.8739073864695,11.3437,6352.68,1.88369,1.26,,1,29.261986186984423,19.1774,19.1774,19.1774,2.1332413828909914e-08,56,,,,,,,,,
10551635.0,340.200948729547,32.9929509085158,9.9527,5856.93,1.2452,1.058,,3,9.610521026350378,19.7367,16.4277,17.911066666666667,3.7508928219474976e-07,56,,,,,,,,,
10551644.0,340.197257425302,33.0040924282554,11.1877,4469.0,11.247,,,2,28.633441223092436,16.4277,16.4277,18.0849,2.811661729698547e-07,56,,,,,,,,,
10551773.0,340.240109816366,33.1708248179418,10.6944,6185.07,1.90046,1.18,,0,,,,,,56,,,,,,,,,
10551795.0,340.150489181408,33.1968820070088,11.2963,4740.0,10.7775,,,5,11.283645803285987,18.9507,14.6266,16.76192,2.4086937347516658e-06,56,,,,,,,,,
10551893.0,340.220883961715,33.3044444543142,10.1842,4183.0,41.106,,,4,19.735822025656127,17.2808,17.2808,18.427225,2.2406555369570345e-07,56,,,,,,,,,
10551928.0,340.209502582014,33.3399582028746,8.5747,4555.0,20.6164,,,1,20.47463743107761,19.5708,19.5708,19.5708,1.4848411677129542e-08,56,,,,,,,,,
10551952.0,340.242710868732,33.3647418717355,9.0665,4125.0,43.8376,,,3,13.186735527128002,16.932,16.3032,17.195133333333334,5.155397982725154e-07,56,,,,,,,,,
10552018.0,340.113971229541,33.4418916560324,10.3813,4580.42,12.7425,,,5,3.5626902510073877,15.261,15.261,16.033800000000003,2.4768934114260096e-06,56,,,,,,,,,
10552022.0,340.192790790269,33.4441358954373,11.3326,5827.0,1.44171,1.05,,4,10.727337329491693,16.5558,15.8965,16.8729,9.914971826132308e-07,56,,,,,,,,,
10552286.0,340.237412082106,33.759457749486,9.267,4857.0,8.40898,,,8,16.210066703046,17.343,16.924,18.6622625,4.6065340203201974e-07,56,,,,,,,,,
10552294.0,340.1980463581,33.7672222869118,11.3102,6431.0,1.55776,1.3,,5,13.339268489460862,17.6679,17.6679,18.6763,2.5995310350404006e-07,56,,,,,,,,,
10552429.0,340.20683490644,33.9180737264244,10.0341,6213.0,1.33157,,,5,14.682128325115105,19.3476,16.4422,17.60546,6.886990877694901e-07,56,,,,,,,,,
10552439.0,340.152237484532,33.9290403248117,8.3191,4459.0,14.4999,,,4,25.234376113958998,12.2241,12.2241,16.33885,1.328516454796399e-05,56,,,,,,,,,
10552577.0,340.220209969954,34.0849879171368,11.2877,4253.3,24.0064,,,5,12.503718733332073,19.1615,12.6125,16.5143,9.68687860026134e-06,56,,,,,,,,,
10552693.0,340.119468545316,34.2095369541856,10.315,6007.0,1.07787,1.109,,1,24.75073702571872,20.349,20.349,20.349,7.251034976171987e-09,56,,,,,,,,,
10552731.0,340.166873072792,34.2516406488593,8.6557,4873.0,11.2064,,,3,16.42102247638048,18.9732,18.9732,19.330333333333332,5.94765184249431e-08,56,,,,,,,,,
10552735.0,340.228442299855,34.2600007650185,10.649,6307.05,2.24421,1.24,,1,29.105169207202003,19.6857,19.6857,19.6857,1.3357340593019922e-08,56,,,,,,,,,
10552874.0,340.161419351558,34.4100645360785,11.0855,4135.66,27.104,,,2,26.679707010751954,19.9974,19.9974,20.423099999999998,1.4599912194875524e-08,56,,,,,,,,,
10552933.0,340.117120874898,34.4797471292126,11.4792,4509.0,17.5841,,,3,17.158474640002698,17.0493,17.0493,18.5822,2.1826941822301124e-07,56,,,,,,,,,
10553052.0,340.181626111648,34.6093111002577,10.8276,6602.0,1.42799,1.38,,0,,,,,,56,,,,,,,,,
10553084.0,340.208826516686,34.6478407683709,10.5326,3762.0,50.4982,,,2,24.59760969023782,17.2391,17.2391,18.20365,1.4867671828867117e-07,56,,,,,,,,,
10553168.0,340.112662169385,34.7517596485816,11.3661,5786.0,1.3221,1.04,,1,25.470845242548645,19.9848,19.9848,19.9848,1.014098172319224e-08,56,,,,,,,,,
10553300.0,340.199165071998,34.891338247638,10.7795,4682.0,0.732324,0.75,,3,7.5806040964675,20.9787,20.0167,20.4205,2.1733671014747484e-08,56,,,,,,,,,
10553542.0,340.210229315243,35.170867727057,9.0511,4557.0,11.3575,,,1,24.37385499042565,17.42,17.42,17.42,1.0764652136298327e-07,56,,,,,,,,,
10553552.0,340.160678113319,35.1836174028419,9.13081,6408.0,1.42203,1.288,,2,24.995687548667437,18.3006,14.338,16.3193,1.8877610562596407e-06,56,,,,,,,,,
10553564.0,340.194641716729,35.194735276899,10.339,4409.14,12.2437,,,3,17.210624005393473,17.5902,17.5902,18.801066666666667,1.2799807981056397e-07,56,,,,,,,,,
10553591.0,340.204606592059,35.2287732725176,11.0603,4591.0,7.79095,,,1,25.32121592285552,16.9203,16.9203,16.9203,1.7056110461393826e-07,56,,,,,,,,,
10553653.0,340.188931968071,35.3102293946671,11.4982,4733.07,11.7583,,,2,28.47931682846687,18.1831,15.2577,16.720399999999998,8.420188421132917e-07,56,,,,,,,,,
10553711.0,340.205580630845,35.3662804765728,10.7777,6230.05,1.37544,1.204,,5,17.83465349727213,16.5356,13.0258,17.66454,6.45432872154086e-06,56,,,,,,,,,
10553770.0,340.247945048305,35.4229209896567,11.3575,4386.98,14.3396,,,3,15.446503727677145,20.012,17.6973,18.8245,1.244854464388254e-07,56,,,,,,,,,
10553887.0,340.1765838307,35.5508564174111,8.96937,4736.59,5.07622,,,9,4.3318403515739305,17.3414,17.3414,19.029655555555554,3.208709396220661e-07,56,,,,,,,,,
10553976.0,340.193779388456,35.643265574013,10.3267,4804.0,10.9734,,,1,23.468600235570385,15.5944,15.5944,15.5944,5.784156033760205e-07,56,,,,,,,,,
10554036.0,340.12275806232,35.7358352382336,10.9654,4038.18,33.6206,,,0,,,,,,56,,,,,,,,,
10554146.0,340.238333700054,35.8417259677309,10.6717,5558.34,1.03635,0.98,,1,19.904484065599785,20.0573,20.0573,20.0573,9.485931845300623e-09,56,,,,,,,,,
10554588.0,340.365552113083,35.5342931602454,11.0178,7748.0,2.09731,1.83,,2,2.8882988259419617,14.9793,14.9793,17.6199,1.0271151441864143e-06,56,,,,,,,,,
10554620.0,340.372870045336,35.4919425844622,9.61491,6099.0,1.36257,1.146,,2,18.508534305893946,15.9921,15.9921,17.5273,4.2472816664832287e-07,56,,,,,,,,,
10554621.0,340.388200880918,35.4915761721569,10.2243,4192.4,17.9156,,,3,13.404678896470553,16.4486,16.4486,17.4499,4.861290933924622e-07,56,,,,,,,,,
10554673.0,340.314398083722,35.4473444073533,8.4855,4313.0,33.9621,,,7,14.297466379184081,17.06,13.7088,17.142128571428568,4.06462356862277e-06,56,,,,,,,,,
10554871.0,340.273617070575,35.2488043290214,11.2617,5513.0,1.10199,0.968,,3,2.566565412229744,16.4736,16.4736,17.9744,3.4056954133018267e-07,56,,,,,,,,,
10554918.0,340.37520690147,35.1880103482518,11.0275,4679.0,9.28198,,,4,2.616045355005507,19.2754,14.4063,17.5385,1.885603213961593e-06,56,,,,,,,,,
10554940.0,340.3072248532,35.161781090677,11.8374,,,,,5,0.4667542094879598,11.8374,11.8374,16.69878,2.0822422180236515e-05,56,,,,,,,,,
10555184.0,340.390961793681,34.9060208029135,11.5334,4786.0,11.4187,,,2,22.316506601256794,19.5873,18.4492,19.018250000000002,5.634213115988022e-08,56,,,,,,,,,
10589808.0,340.280449853135,34.7806905579193,10.9476,6136.0,1.5395,1.16,,1,22.381740060635316,17.739,17.739,17.739,8.024167763085829e-08,56,,,,,,,,,
10589890.0,340.343696209815,34.7070786674885,11.2724,4499.0,12.4616,,,3,26.14609589853522,16.5627,16.5627,17.542166666666663,3.9518667755500934e-07,56,,,,,,,,,
10589902.0,340.297827968566,34.689660782414,10.5208,4322.32,30.905,,,2,22.056700251107056,20.7182,19.0377,19.87795,2.9422466687920852e-08,56,,,,,,,,,
10590014.0,340.300216749282,34.5612876079213,10.6874,5789.44,1.49274,1.039,,4,7.516955384474519,14.4808,14.4808,17.9187,1.7079872579231438e-06,56,,,,,,,,,
10590171.0,340.275066337189,34.3935708857206,9.5915,4301.0,21.7091,,,1,15.71346603782622,20.5927,20.5927,20.5927,5.793219715465991e-09,56,,,,,,,,,
10590500.0,340.257856402539,33.9969154718033,11.1017,3843.0,64.2953,,,1,29.422335940859135,19.2943,19.2943,19.2943,1.9154904893588397e-08,56,,,,,,,,,
10590523.0,340.27730655028,33.9697629811384,11.4334,4709.0,0.758008,0.753,,2,11.011855264620024,12.3725,12.3725,15.182200000000002,1.1309617952242158e-05,56,,,,,,,,,
10590580.0,340.297473235437,33.9132346391944,10.1935,7453.0,4.35006,1.71,,2,15.49837677305084,20.6649,17.8762,19.27055,7.61368847309111e-08,56,,,,,,,,,
10590622.0,340.277797058805,33.8603909487125,11.3171,4945.0,10.5887,,,2,28.101536015300535,14.5619,14.5619,17.222,1.5082097862888752e-06,56,,,,,,,,,
10590706.0,340.282752500981,33.7639387150431,10.3059,6534.0,2.23974,1.35,,2,13.411154687426935,19.4165,16.5402,17.97835,2.5917422200704453e-07,56,,,,,,,,,
10590736.0,340.301826096291,33.7245057639004,10.5505,4770.0,8.52153,,,5,4.233620608388327,19.5301,13.1034,17.32724,5.973139256449323e-06,56,,,,,,,,,
10590975.0,340.347500454672,33.4667740852221,9.4809,8669.0,1.92988,2.17,,1,13.084400993013483,20.68,20.68,20.68,5.345643593969714e-09,56,,,,,,,,,
10591128.0,340.374119722475,33.3048172478178,9.9755,,,,,4,5.007044980842187,15.639,13.281,15.5438,8.3821768761713e-06,56,,,,,,,,,
10591130.0,340.282880516998,33.3026882240899,10.8407,6068.0,1.32055,1.133,,2,2.4036870549358023,16.4183,16.4183,18.35535,2.784586038288247e-07,56,,,,,,,,,
10591281.0,340.319147372474,33.1164808240638,10.0394,5686.95,1.26198,1.012,,4,9.850734827211927,16.936,15.9471,17.893275,6.286206278551911e-07,56,,,,,,,,,
10591414.0,340.317909621394,32.9627994678265,11.7177,5219.72,0.867334,0.889,,3,3.1714645584080356,18.2755,16.674,17.2305,4.6395036993835875e-07,56,,,,,,,,,
10591437.0,340.3327134264,32.9305161480245,9.12567,5359.0,,,,2,0.3270391422591997,9.12567,9.12567,13.771885,0.00022377693651520297,56,,,,,,,,,
10591518.0,340.36090809615,32.8508450694322,10.6732,6444.0,2.95305,1.3,,3,4.746380695745652,17.0569,17.0569,18.037533333333332,2.2900738524974597e-07,56,,,,,,,,,
10591529.0,340.307562484115,32.8426722583472,9.7911,4401.0,20.8742,,,5,3.4722147980805915,17.5263,17.5263,19.047620000000002,1.826902359068494e-07,56,,,,,,,,,
10591567.0,340.314205785281,32.7997152279023,6.7712,4078.0,64.794,,,4,7.660836461509889,17.1152,16.561,17.847925,4.7546769813890633e-07,56,,,,,,,,,
10591667.0,340.360825549649,32.6848662804907,11.2727,4609.78,13.3851,,,3,15.514033660231682,15.0714,15.0714,17.074166666666667,1.4984891384271912e-06,56,,,,,,,,,
10591692.0,340.300009836887,32.6541165172198,10.57,4657.65,5.24653,,,6,5.472572568796885,16.4632,16.3479,17.949183333333334,7.903328690449517e-07,56,,,,,,,,,
10591740.0,340.268772832169,32.5823808767742,11.2171,4890.69,3.62356,,,1,21.389946981582987,20.0996,20.0996,20.0996,9.123468984666208e-09,56,,,,,,,,,
10591761.0,340.388531240215,32.5571176469721,14.7153,3168.0,0.204338,0.1733,,6,14.154451711859913,17.1679,16.267,17.72655,7.931915416998844e-07,56,,,,,,,,,
10591919.0,340.280037737861,32.3652931012169,11.3848,7169.57,1.66658,1.6,,1,27.43404641468676,15.897,15.897,15.897,4.3772363793476517e-07,56,,,,,,,,,
10591934.0,340.319322981378,32.3472708848054,8.8788,5194.0,13.125,,,6,11.473504286447994,20.2683,16.8342,18.663349999999998,4.976923440079365e-07,56,,,,,,,,,
10591979.0,340.322846061782,32.2992562916128,10.6017,6433.0,2.4906,1.3,,4,7.016473983072361,19.8993,17.0637,18.344224999999998,2.9165815649374174e-07,56,,,,,,,,,
